Host, Lat, Long, Timezone, Pais, Continente
181.88.172.60,-30.95,-58.8,America/Argentina/Cordoba,AR,SA
181.89.5.92,-34.6033,-58.3817,None,AR,SA
181.88.111.26,-34.6033,-58.3817,None,AR,SA
185.70.203.48,42.8333,12.8333,Europe/Rome,IT,EU
195.22.219.17,42.8333,12.8333,Europe/Rome,IT,EU
149.3.181.65,42.8333,12.8333,Europe/Rome,IT,EU
129.250.2.12,39.6237,-104.8738,America/Denver,US,NA
129.250.4.13,39.6237,-104.8738,America/Denver,US,NA
129.250.6.30,39.6237,-104.8738,America/Denver,US,NA
129.250.3.61,39.6237,-104.8738,America/Denver,US,NA
129.250.2.40,39.6237,-104.8738,America/Denver,US,NA
129.250.3.232,39.6237,-104.8738,America/Denver,US,NA
61.200.91.154,35.69,139.69,Asia/Tokyo,JP,AS
150.99.90.56,35.69,139.69,Asia/Tokyo,JP,AS
133.3.250.141,35.69,139.69,Asia/Tokyo,JP,AS
181.89.5.90,-34.6033,-58.3817,None,AR,SA
181.89.5.199,-34.6033,-58.3817,None,AR,SA
190.225.252.110,-30.95,-58.8,America/Argentina/Cordoba,AR,SA
69.79.106.16,18.25,-66.5,America/Puerto_Rico,PR,NA
69.79.102.0,25.9274,-80.1801,America/New_York,US,NA
69.79.102.21,25.9274,-80.1801,America/New_York,US,NA
63.245.90.169,25.9274,-80.1801,America/New_York,US,NA
200.0.16.17,21.5,-80.0,America/Havana,CU,NA
200.0.16.23,21.5,-80.0,America/Havana,CU,NA
200.0.16.27,21.5,-80.0,America/Havana,CU,NA
89.221.41.197,42.8333,12.8333,Europe/Rome,IT,EU
89.149.139.5,48.86,2.35,Europe/Paris,FR,EU
46.33.78.78,48.86,2.35,Europe/Paris,FR,EU
146.97.35.193,51.5,-0.13,Europe/London,GB,EU
146.97.33.62,51.5,-0.13,Europe/London,GB,EU
146.97.33.5,51.5,-0.13,Europe/London,GB,EU
146.97.37.194,51.5,-0.13,Europe/London,GB,EU
193.63.108.94,51.5,-0.13,Europe/London,GB,EU
193.63.108.98,51.5,-0.13,Europe/London,GB,EU
193.63.109.90,51.5702,-1.2423,Europe/London,GB,EU
192.76.32.62,51.75,-1.25,Europe/London,GB,EU
129.67.242.155,51.75,-1.25,Europe/London,GB,EU
129.67.242.154,51.75,-1.25,Europe/London,GB,EU
190.227.246.204,-30.95,-58.8,America/Argentina/Cordoba,AR,SA
184.105.222.110,37.5155,-121.8962,America/Los_Angeles,US,NA
184.105.213.53,37.5155,-121.8962,America/Los_Angeles,US,NA
184.105.81.173,37.5155,-121.8962,America/Los_Angeles,US,NA
184.105.81.177,37.5155,-121.8962,America/Los_Angeles,US,NA
202.84.253.85,22.25,114.1667,Asia/Hong_Kong,HK,AS
202.84.138.189,22.25,114.1667,Asia/Hong_Kong,HK,AS
202.84.153.26,22.25,114.1667,Asia/Hong_Kong,HK,AS
61.8.59.38,-27.0,133.0,None,AU,OC
101.4.117.149,39.9289,116.3883,Asia/Shanghai,CN,AS
101.4.118.121,39.9289,116.3883,Asia/Shanghai,CN,AS
101.4.114.58,39.9289,116.3883,Asia/Shanghai,CN,AS
101.4.114.169,39.9289,116.3883,Asia/Shanghai,CN,AS
101.4.113.110,39.9289,116.3883,Asia/Shanghai,CN,AS
101.4.112.90,39.9289,116.3883,Asia/Shanghai,CN,AS
101.4.112.93,39.9289,116.3883,Asia/Shanghai,CN,AS
202.112.41.181,31.0456,121.3997,Asia/Shanghai,CN,AS
202.112.41.2,31.0456,121.3997,Asia/Shanghai,CN,AS
190.224.165.110,-34.6033,-58.3817,None,AR,SA
89.221.41.187,42.8333,12.8333,Europe/Rome,IT,EU
154.54.9.17,38.0,-97.0,None,US,NA
154.54.47.17,38.0,-97.0,None,US,NA
154.54.24.145,38.0,-97.0,None,US,NA
154.54.7.157,38.0,-97.0,None,US,NA
154.54.40.105,38.0,-97.0,None,US,NA
154.54.30.186,38.0,-97.0,None,US,NA
154.54.57.154,38.0,-97.0,None,US,NA
130.117.1.14,47.0,8.0,Europe/Vaduz,None,EU
149.14.146.194,38.0,-97.0,None,US,NA
155.232.1.40,-33.9833,18.4,Africa/Johannesburg,ZA,AF
155.232.64.76,-33.9833,18.4,Africa/Johannesburg,ZA,AF
155.232.1.68,-33.9833,18.4,Africa/Johannesburg,ZA,AF
155.232.15.216,-33.9833,18.4,Africa/Johannesburg,ZA,AF
155.232.29.2,-33.9833,18.4,Africa/Johannesburg,ZA,AF
89.221.41.161,42.8333,12.8333,Europe/Rome,IT,EU
154.54.47.29,38.0,-97.0,None,US,NA
154.54.28.49,38.0,-97.0,None,US,NA
154.54.24.221,38.0,-97.0,None,US,NA
154.54.40.109,38.0,-97.0,None,US,NA
154.54.42.86,38.0,-97.0,None,US,NA
130.117.51.42,47.0,8.0,Europe/Vaduz,None,EU
130.117.0.142,47.0,8.0,Europe/Vaduz,None,EU
130.117.1.117,47.0,8.0,Europe/Vaduz,None,EU
149.29.9.10,38.0,-97.0,None,US,NA
62.40.98.129,51.5,-0.13,Europe/London,GB,EU
83.97.88.94,51.5,-0.13,Europe/London,GB,EU
128.139.191.69,31.5,34.75,Asia/Jerusalem,IL,AS
132.66.4.254,32.0667,34.7667,Asia/Jerusalem,IL,AS
132.66.11.168,32.0667,34.7667,Asia/Jerusalem,IL,AS
